Thu Jul 27 15:32:00 +0000 2017,b'RT @pekesims: RT si crees que Will Wright debera volver a Maxis URGENTEMENTE y poner orden a este desorden https://t.co/3G9yAe0C1C',Cami_DallAsta,"<a href=""http://twitter.com/download/android"" rel=""nofollow"">Twitter for Android</a>",Argentina,247,235,0,0,es
 
Thu Jul 27 15:33:00 +0000 2017,b'EA svela la data di lancio di The Sims 4 per PlayStation 4 e #electronicarts #maxis #playstation4 #thesims4 #xboxone https://t.co/EhjF5YW09O',megamodo,"<a href=""http://www.megamodo.com/"" rel=""nofollow"">MEGAMODO</a>",,681,180,0,0,it
 
Thu Jul 27 15:33:07 +0000 2017,b'Maxis has ten perkaholics that they eat in Call of the Dead with TheRelaxingEnd',ZombiesBOT_,"<a href=""https://www.youtube.com/channel/UCRmdMeTHWK5PcHDPGnmlEJQ"" rel=""nofollow"">Zombies BOT</a>","England, United Kingdom",5,1,0,0,en-gb
 
Thu Jul 27 15:36:05 +0000 2017,b'RT @clairlemon: the printing press\nthe radio\nelectricity\nsteam engine\nantibiotics\ntelephone\nvaccination\nPC\nInternet\nhttps://t.co/RKJ1CrQkwP',priz55,"<a href=""http://twitter.com/download/iphone"" rel=""nofollow"">Twitter for iPhone</a>","San Diego, CA",35,124,0,0,en
 
Thu Jul 27 15:36:07 +0000 2017,b'RT @clairlemon: the printing press\nthe radio\nelectricity\nsteam engine\nantibiotics\ntelephone\nvaccination\nPC\nInternet\nhttps://t.co/RKJ1CrQkwP',seacliff4,"<a href=""https://mobile.twitter.com"" rel=""nofollow"">Twitter Lite</a>",Ny ,2319,4997,0,0,en
 
Thu Jul 27 15:36:11 +0000 2017,"b'RT @DaaruBaazMehta: In Last 3 years, Electricity Rates have increased \n\nChattisgarh : 31.4%\nMP : 27.7%\nBihar : 22.9%\nJharkhand : 20.2%\n\nWhe'",sangha79839513,"<a href=""http://twitter.com/download/android"" rel=""nofollow"">Twitter for Android</a>","Hyderabad, Andhra Pradesh",271,812,0,0,en
 
Thu Jul 27 15:36:12 +0000 2017,b'Cabinet approves establishment of Electricity Market Oversight Panel\n\nSource: https://t.co/1doinorDS6 https://t.co/ki1srYzD1x',onua951fm,"<a href=""http://twitter.com"" rel=""nofollow"">Twitter Web Client</a>","Accra, Ghana",7426,103,0,0,en
 
Thu Jul 27 15:36:15 +0000 2017,"b'Solect Energy 200-kW system cuts metal manufacturers electricity costs by one third: Chemetal, a leading https://t.co/PXXcH2dnub'",GreenBuiltJobs,"<a href=""https://dlvrit.com/"" rel=""nofollow"">dlvr.it</a>",,564,245,0,0,en
 
Thu Jul 27 15:36:19 +0000 2017,b'@ezralevant At least he clarified that Site C is needed to provide electricity for the zero emissions vehicles they https://t.co/qw97lxxPCV',matthewdesteur,"<a href=""http://twitter.com/download/iphone"" rel=""nofollow"">Twitter for iPhone</a>","Surrey, British Columbia",4,50,0,0,en
 
Thu Jul 27 15:36:19 +0000 2017,"b'Solect Energy 200-kW system cuts metal manufacturers electricity costs by one third: Chemetal, a leading https://t.co/RcHUT5cN1l'",builteguru,"<a href=""https://dlvrit.com/"" rel=""nofollow"">dlvr.it</a>","San Francisco, Ca",642,853,0,0,en
 
Thu Jul 27 15:36:21 +0000 2017,"b'@dasraghubar @narendramodi @AmitShah gr8\n7 farmers Suicide due 2 seeds issue,any action\nDis is 1 of d sect u app https://t.co/sNtdk03NeC'",shiv_232,"<a href=""http://twitter.com"" rel=""nofollow"">Twitter Web Client</a>",,14,59,0,0,en
 
Thu Jul 27 15:36:21 +0000 2017,b'Wind power supplied 124% of household electricity needs in Scotland from January through June\n\nhttps://t.co/Ot2aVQydhx',CuttingEdgePwr,"<a href=""http://twitter.com/download/android"" rel=""nofollow"">Twitter for Android</a>","Dallas, TX",443,1320,0,0,en
 
Thu Jul 27 15:36:21 +0000 2017,b'Another great review for my gig in Liverpool at the Philharmonic music Hall  @parralox https://t.co/cMH0NKyEpk',littlejogervin,"<a href=""http://twitter.com/download/android"" rel=""nofollow"">Twitter for Android</a>",London,1937,933,0,0,en
 
Thu Jul 27 15:36:22 +0000 2017,b'RT @clairlemon: the printing press\nthe radio\nelectricity\nsteam engine\nantibiotics\ntelephone\nvaccination\nPC\nInternet\nhttps://t.co/RKJ1CrQkwP',MermaidSeaTail1,"<a href=""https://mobile.twitter.com"" rel=""nofollow"">Twitter Lite</a>","Orange County, Ca.",3337,3163,0,0,en
 
Thu Jul 27 15:36:33 +0000 2017,b'RT @clairlemon: the printing press\nthe radio\nelectricity\nsteam engine\nantibiotics\ntelephone\nvaccination\nPC\nInternet\nhttps://t.co/RKJ1CrQkwP',AndrewF7969,"<a href=""http://twitter.com/download/iphone"" rel=""nofollow"">Twitter for iPhone</a>",Brasil,2076,4807,0,0,pt
 
Thu Jul 27 15:36:38 +0000 2017,b'RT @clairlemon: the printing press\nthe radio\nelectricity\nsteam engine\nantibiotics\ntelephone\nvaccination\nPC\nInternet\nhttps://t.co/RKJ1CrQkwP',willw55,"<a href=""http://twitter.com/download/android"" rel=""nofollow"">Twitter for Android</a>",,140,184,0,0,en
 
Thu Jul 27 15:36:40 +0000 2017,"b'RT @kapilbaghel81: @PMOIndia Hon PM vision to have surplus electricity. When an engineer raids for power theft, the goons gifts him death.#'",chetan_dudeja,"<a href=""http://www.twitter.com"" rel=""nofollow"">Twitter for Windows Phone</a>",New delhi,25,58,0,0,en
 
Thu Jul 27 15:36:41 +0000 2017,"b'RT @trtworld: Gaza is facing a health crisis as electricity cuts disrupt essential services, including sewage treatment '",Usmavt,"<a href=""http://twitter.com/download/android"" rel=""nofollow"">Twitter for Android</a>",,82,333,0,0,en
 
Thu Jul 27 15:36:41 +0000 2017,b'RT @clairlemon: the printing press\nthe radio\nelectricity\nsteam engine\nantibiotics\ntelephone\nvaccination\nPC\nInternet\nhttps://t.co/RKJ1CrQkwP',adlaih,"<a href=""http://twitter.com"" rel=""nofollow"">Twitter Web Client</a>",,41,29,0,0,en
 
Thu Jul 27 15:36:44 +0000 2017,"b""RT @countdown2040: If we ever get 24 straight hours of electricity, it'll be a culture shock\nhttps://t.co/P6nQqATg2o https://t.co/LuHZ7lQ""",Jesika98461026,"<a href=""http://twitter.com/download/android"" rel=""nofollow"">Twitter for Android</a>",,0,1,0,0,fa
 
Thu Jul 27 15:36:45 +0000 2017,b'@StMarysPolice what is happening with the electricity on Colerain Rd. Police blocking traffic. Fire and GA Pwr trucks arrived.',realjamesbarbe,"<a href=""http://twitter.com/download/android"" rel=""nofollow"">Twitter for Android</a>","St Marys, GA",42,182,0,0,en
 
Thu Jul 27 15:36:48 +0000 2017,b'@beatcold Fancy a change of energy supplier. Check out https://t.co/k26i3IFtmK Get 50 starter credit&amp;refer others. https://t.co/weXfnh6Ue8',SwitchEnergyuk,"<a href=""https://mobile.twitter.com"" rel=""nofollow"">Twitter Lite</a>","London, England",48,280,0,0,en
 
Thu Jul 27 15:36:54 +0000 2017,b'Louie the lightning bulb say play it safe around electricity  https://t.co/gefVjvE0sB',DjInchy,"<a href=""http://twitter.com/download/android"" rel=""nofollow"">Twitter for Android</a>",Bush Hall St.Michael Barbados,1604,1286,0,0,en
 
Thu Jul 27 15:36:54 +0000 2017,b'RT @clairlemon: the printing press\nthe radio\nelectricity\nsteam engine\nantibiotics\ntelephone\nvaccination\nPC\nInternet\nhttps://t.co/RKJ1CrQkwP',Jackie_Blue_CA,"<a href=""http://twitter.com/download/iphone"" rel=""nofollow"">Twitter for iPhone</a>","San Francisco, CA",3847,4102,0,0,en
 
Thu Jul 27 15:36:57 +0000 2017,b'No electricity in my area since 12:15 PM. @bsesdelhi you are contradicting data given by govt  https://t.co/EYtGWq99Ze . #UnelectrifiedDelhi',joshi13nov,"<a href=""http://twitter.com"" rel=""nofollow"">Twitter Web Client</a>","New Delhi, India",161,120,0,0,en
 
Thu Jul 27 15:37:01 +0000 2017,b'Gaza power watch: How many hours of electricity did Gaza get yesterday https://t.co/fS4Z6yRFzi',santafeez,"<a href=""http://twitter.com"" rel=""nofollow"">Twitter Web Client</a>",,6694,7355,0,0,en
 
Thu Jul 27 15:37:04 +0000 2017,b'peek my hoe ass taking a 8 minute shower cause the electricity is gon go off any minute now',deskaden13,"<a href=""http://twitter.com"" rel=""nofollow"">Twitter Web Client</a>",he/him,2155,776,0,0,en
 
Thu Jul 27 15:37:05 +0000 2017,b'@DaaruBaazMehta Arre bhaiya move on beyond electricity water and school \nIt is becoming boring',RajeshSh28,"<a href=""http://twitter.com/download/iphone"" rel=""nofollow"">Twitter for iPhone</a>","Jharkhand, India",109,487,0,0,en
 
Thu Jul 27 15:37:06 +0000 2017,"b'RT @afneil: Remember: as well as all cars being electric, gov. policy for all heating + cooking to be electric as well. So total electricit'",paulmizen1,"<a href=""http://twitter.com"" rel=""nofollow"">Twitter Web Client</a>",Bemmy Down,175,58,0,0,en
 
Thu Jul 27 15:37:10 +0000 2017,b'RT @santafeez: Gaza power watch: How many hours of electricity did Gaza get yesterday https://t.co/fS4Z6yRFzi',4theloveofGaza,"<a href=""http://twitter.com/download/android"" rel=""nofollow"">Twitter for Android</a>",,43,58,0,0,en
 
Thu Jul 27 15:37:16 +0000 2017,b'@Radika_Solanki @Living_Escaping @openroadb4me @NeverJetLagged @NomadicThunker What do you do with it? Make portabl https://t.co/vpzkpPbJIg',bijoyv,"<a href=""https://about.twitter.com/products/tweetdeck"" rel=""nofollow"">TweetDeck</a>","Bangalore, India",3779,1484,0,0,en
 
Thu Jul 27 15:37:17 +0000 2017,"b'@Imilia483 my mom is the owner, I need to pay electricity, cable tv, phone bills etc'",provokatorica,"<a href=""http://twitter.com/download/iphone"" rel=""nofollow"">Twitter for iPhone</a>","Zagreb, Croatia",1250,116,0,0,en
 
Thu Jul 27 15:37:18 +0000 2017,"b'#AapKaMehta  RT DaaruBaazMehta: In Last 3 years, Electricity Rates have increased \n\nChattisgarh : 31.4%\nMP : 27.7%\nBihar : 22.9%\nJharkhand'",dibakarme,"<a href=""https://ifttt.com"" rel=""nofollow"">IFTTT</a>","Tbilisi, Georgia",3696,4883,0,0,en
 
Thu Jul 27 15:37:19 +0000 2017,"b""'The internet is responsible for 9.2% of the world's electricity production' - @n_srnck in Platform Capitalism https://t.co/vteINlomb3""",geoplace,"<a href=""http://twitter.com/download/android"" rel=""nofollow"">Twitter for Android</a>",cyberspace,8197,912,0,0,en
 
Thu Jul 27 15:37:20 +0000 2017,"b'@CarlWorsham @axios You likely pay 10X more for gas, versus electricity. But if you have a Chevy Volt you have the best of both worlds.'",Mgcom83,"<a href=""https://mobile.twitter.com"" rel=""nofollow"">Twitter Lite</a>","Nova Scotia, Canada",40,147,0,0,en
 
Thu Jul 27 15:37:21 +0000 2017,b'wala padin electricity ubos na 4 candles namin pang undas yon eh meralco kilos naman :---(',Ivantuut,"<a href=""http://twitter.com/download/iphone"" rel=""nofollow"">Twitter for iPhone</a>",,715,213,0,0,en
 
Thu Jul 27 15:37:21 +0000 2017,b'RT @SebGorka: Conservative (reality-based) thought versus the Leftists (zero-sum) victim mentality. https://t.co/9qzITAOn0Z',ChristiChat,"<a href=""http://twitter.com/download/iphone"" rel=""nofollow"">Twitter for iPhone</a>",MakeAmericaGreatAgain,230480,48164,0,0,en
 
Thu Jul 27 15:37:23 +0000 2017,b'RT @DjInchy: Louie the lightning bulb say play it safe around electricity  https://t.co/gefVjvE0sB',iamhakeemt,"<a href=""http://twitter.com/download/android"" rel=""nofollow"">Twitter for Android</a>",Barbados,508,376,0,0,en
 
Thu Jul 27 15:37:26 +0000 2017,b'RT @clairlemon: the printing press\nthe radio\nelectricity\nsteam engine\nantibiotics\ntelephone\nvaccination\nPC\nInternet\nhttps://t.co/RKJ1CrQkwP',raiderjim40,"<a href=""http://twitter.com/download/android"" rel=""nofollow"">Twitter for Android</a>",,416,185,0,0,en
 
Thu Jul 27 15:37:32 +0000 2017,"b""@HeadphoneSpace No electricity. No air conditioning. Bugs. Animals. Bad food. No beds. I have no idea why it's something people do for fun.""",Reverend_Banjo,"<a href=""http://twitter.com/download/iphone"" rel=""nofollow"">Twitter for iPhone</a>",,1681,602,0,0,en
 
Thu Jul 27 15:37:36 +0000 2017,b'RT @Carbongate: Mathematics for greens #BBCbreakfast #goodmorningbritain\nElectricity demand 23GW with wind turbines supplying 3GW. ',CaptainHottub,"<a href=""http://twitter.com/download/iphone"" rel=""nofollow"">Twitter for iPhone</a>",Texas Gulf Coast,1653,1615,0,0,en
 
Thu Jul 27 15:37:41 +0000 2017,b'RT @clairlemon: the printing press\nthe radio\nelectricity\nsteam engine\nantibiotics\ntelephone\nvaccination\nPC\nInternet\nhttps://t.co/RKJ1CrQkwP',ChristiChat,"<a href=""http://twitter.com/download/iphone"" rel=""nofollow"">Twitter for iPhone</a>",MakeAmericaGreatAgain,230480,48164,0,0,en
 
Thu Jul 27 15:37:41 +0000 2017,b'RT @clairlemon: the printing press\nthe radio\nelectricity\nsteam engine\nantibiotics\ntelephone\nvaccination\nPC\nInternet\nhttps://t.co/RKJ1CrQkwP',Rvogt1_cba,"<a href=""http://twitter.com/download/android"" rel=""nofollow"">Twitter for Android</a>",,1970,1532,0,0,en
 
Thu Jul 27 15:37:41 +0000 2017,"b'RT @astro_trader: How to generate electricity for 20 million electric cars by 2050?\nNo, not possible without burning fossil fuels. https://'",katie15price,"<a href=""http://twitter.com"" rel=""nofollow"">Twitter Web Client</a>",UK,2700,3293,0,0,en
 
Thu Jul 27 15:37:41 +0000 2017,b'RT @SebGorka: Conservative (reality-based) thought versus the Leftists (zero-sum) victim mentality. https://t.co/9qzITAOn0Z',plumb_sue,"<a href=""http://twitter.com/download/android"" rel=""nofollow"">Twitter for Android</a>","Fountain Hills, AZ",636,1109,0,0,en
 
Thu Jul 27 15:37:49 +0000 2017,"b""@SimonGrover  You're right. Our mistake. Will update it right now. It's 100% renewable electricity &amp; we offset 100 https://t.co/XShtLlvSFL""",joinpureplanet,"<a href=""http://twitter.com"" rel=""nofollow"">Twitter Web Client</a>",,334,627,0,0,en-gb
 
Thu Jul 27 15:37:59 +0000 2017,"b""RT @ARIYNBF: Electricity and other stuff I'm wrong about plus dating styles and tiny dryer bugs  https://t.co/uDs1F5vIAu or """,Jmoesandbffs,"<a href=""http://twitter.com/download/android"" rel=""nofollow"">Twitter for Android</a>",Best Friend City,781,223,0,0,en
 
Thu Jul 27 15:38:01 +0000 2017,"b'@ptshrikant @UPGovt .Sir,pl.look into status of towns like Modinagar where supply of electricity position is detrioting day by day.'",RajeevS48813999,"<a href=""http://twitter.com/download/android"" rel=""nofollow"">Twitter for Android</a>",,1,7,0,0,en
 
Thu Jul 27 15:38:05 +0000 2017,b'RT @clairlemon: the printing press\nthe radio\nelectricity\nsteam engine\nantibiotics\ntelephone\nvaccination\nPC\nInternet\nhttps://t.co/RKJ1CrQkwP',WendiJeffers2,"<a href=""http://twitter.com/download/android"" rel=""nofollow"">Twitter for Android</a>",,169,188,0,0,en
 
Thu Jul 27 15:38:09 +0000 2017,"b'RT @theIMEU: As attention shifts to Jerusalem, Gaza remains besieged, with four hours of electricity, and Israeli bombs falling '",LauaraM5S,"<a href=""http://twitter.com/download/android"" rel=""nofollow"">Twitter for Android</a>",attivista M5S ,612,1366,0,0,it
 
Thu Jul 27 15:38:15 +0000 2017,b'RT @clairlemon: the printing press\nthe radio\nelectricity\nsteam engine\nantibiotics\ntelephone\nvaccination\nPC\nInternet\nhttps://t.co/RKJ1CrQkwP',Iaissezfaire,"<a href=""http://twitter.com"" rel=""nofollow"">Twitter Web Client</a>",Hemispheric Common Market,4833,1252,0,0,en
 
Thu Jul 27 15:38:18 +0000 2017,b' https://t.co/EM0cZrKtHP',bootstrap_tokyo,"<a href=""https://ifttt.com"" rel=""nofollow"">IFTTT</a>",日本 東京,27,0,0,0,ja
 
Thu Jul 27 15:38:18 +0000 2017,b'RT @clairlemon: the printing press\nthe radio\nelectricity\nsteam engine\nantibiotics\ntelephone\nvaccination\nPC\nInternet\nhttps://t.co/RKJ1CrQkwP',_YvonneBurton,"<a href=""http://twitter.com"" rel=""nofollow"">Twitter Web Client</a>","Collierville,TN",6139,4628,0,0,en
 
Thu Jul 27 15:38:23 +0000 2017,"b'""Forgotten Religions That Worshipped Electricity"" https://t.co/PPC7xtzsdi'",mojagedbot,"<a href=""https://zapier.com/"" rel=""nofollow"">Zapier.com</a>",,32,3,0,0,en
 
Thu Jul 27 15:38:26 +0000 2017,b'    by Ministry of Water &amp; Electricity\nhttps://t.co/nR4YHdrlm1',Khaled771427,"<a href=""http://twitter.com/download/iphone"" rel=""nofollow"">Twitter for iPhone</a>",تلجرام ,2821,55,0,0,ar
 
Thu Jul 27 15:38:29 +0000 2017,b'The Forgotten Religions That Worshipped Electricity https://t.co/rqNooJNgiQ',jjcausey,"<a href=""https://ifttt.com"" rel=""nofollow"">IFTTT</a>","Helena, AL",1189,1436,0,0,en
 
Thu Jul 27 15:38:31 +0000 2017,b'@RealMikeCrook @CBSNews i assume you live in the woods without electricity and running water.',FTrumped,"<a href=""http://twitter.com"" rel=""nofollow"">Twitter Web Client</a>",United States,77,706,0,0,en
 
Thu Jul 27 15:38:31 +0000 2017,b'RT @clairlemon: the printing press\nthe radio\nelectricity\nsteam engine\nantibiotics\ntelephone\nvaccination\nPC\nInternet\nhttps://t.co/RKJ1CrQkwP',Fiestygrl48,"<a href=""http://twitter.com/download/android"" rel=""nofollow"">Twitter for Android</a>",USA,228,344,0,0,en
 
Thu Jul 27 15:38:32 +0000 2017,b'RT @countdown2040: Gaza Power Watch: How Many Hours of Electricity Did Gaza Get Yesterday\nhttps://t.co/ntD8qQgluH https://t.co/K2H2a6aorh',Jesika98461026,"<a href=""http://twitter.com/download/android"" rel=""nofollow"">Twitter for Android</a>",,0,1,0,0,fa
 
Thu Jul 27 15:38:38 +0000 2017,b'RT @clairlemon: the printing press\nthe radio\nelectricity\nsteam engine\nantibiotics\ntelephone\nvaccination\nPC\nInternet\nhttps://t.co/RKJ1CrQkwP',Antonio9847,"<a href=""http://twitter.com/download/iphone"" rel=""nofollow"">Twitter for iPhone</a>","Texas, USA",71,428,0,0,en
 
Thu Jul 27 15:38:39 +0000 2017,b'RT @SebGorka: Conservative (reality-based) thought versus the Leftists (zero-sum) victim mentality. https://t.co/9qzITAOn0Z',Fiestygrl48,"<a href=""http://twitter.com/download/android"" rel=""nofollow"">Twitter for Android</a>",USA,228,344,0,0,en
 
Thu Jul 27 15:38:41 +0000 2017,b'RT @clairlemon: the printing press\nthe radio\nelectricity\nsteam engine\nantibiotics\ntelephone\nvaccination\nPC\nInternet\nhttps://t.co/RKJ1CrQkwP',FactRage,"<a href=""http://twitter.com/download/iphone"" rel=""nofollow"">Twitter for iPhone</a>",Erewhon,141,75,0,0,en
 
Thu Jul 27 15:38:50 +0000 2017,b'RT @SebGorka: Conservative (reality-based) thought versus the Leftists (zero-sum) victim mentality. https://t.co/9qzITAOn0Z',dawalf,"<a href=""http://twitter.com/#!/download/ipad"" rel=""nofollow"">Twitter for iPad</a>","Florida, USA",278,90,0,0,en
 
Thu Jul 27 15:38:50 +0000 2017,b'RT @CANEurope: Various electricity power plants in #EU regions at risk because of #climatechange https://t.co/AHzQMIB1Yj',GiorgioGtr,"<a href=""http://twitter.com/#!/download/ipad"" rel=""nofollow"">Twitter for iPad</a>",Lodi ,1216,1377,0,0,en
 
Thu Jul 27 15:38:58 +0000 2017,"b""RT @AlisonRosen: Electricity and other stuff I'm wrong about plus dating styles and tiny dryer bugs  https://t.co/7xk4u7vBzp or """,Jmoesandbffs,"<a href=""http://twitter.com/download/android"" rel=""nofollow"">Twitter for Android</a>",Best Friend City,781,223,0,0,en
 
Thu Jul 27 15:39:01 +0000 2017,b'RT @AmanJSrivastava: Water shortages cost India enough electricity to power Sri Lanka https://t.co/VEfpjXptnq #waterscarcity #energy #SDGs',suphachol3121,"<a href=""http://twitter.com"" rel=""nofollow"">Twitter Web Client</a>","Washington, DC",80,411,0,0,en
 
Thu Jul 27 15:39:03 +0000 2017,b'Check out POWER Generation Grow Systems HEAT/  CO2 / Electricity for Hydroponic Growers #Jenbacher https://t.co/lk8TO1o3n0 via @eBay',EdCsapo1,"<a href=""http://twitter.com"" rel=""nofollow"">Twitter Web Client</a>","Goleta, CA",1705,4952,0,0,en
 
Thu Jul 27 15:39:06 +0000 2017,"b'@vcstar Where does all the additional $, generated by these taxes, go? So, a gallon of gas will sky rocket by 73 ce https://t.co/fhbXRlwht3'",MGB59,"<a href=""http://twitter.com"" rel=""nofollow"">Twitter Web Client</a>","Camarillo, CA",72,218,0,0,en
 
Thu Jul 27 15:39:08 +0000 2017,"b""RT @geoplace: 'The internet is responsible for 9.2% of the world's electricity production' - @n_srnck in Platform Capitalism https://t.co/v""",hypervisible,"<a href=""http://twitter.com"" rel=""nofollow"">Twitter Web Client</a>",,1445,722,0,0,en
 
Thu Jul 27 15:39:09 +0000 2017,b'A Team of Scientists Just Made Food From Electricity  and it Could be the Solution to World Hunger https://t.co/OXdujIUdws',Pedro_J_Acevedo,"<a href=""http://www.facebook.com/twitter"" rel=""nofollow"">Facebook</a>","Bronx, New York-USA",1195,39,0,0,en
 
Thu Jul 27 15:39:14 +0000 2017,b'Geographic Information Systems Coordinator at Ikeja Electricity Distribution Company (IKEDC) - https://t.co/UvmkmFZIeX',Erecnigeria,"<a href=""http://erecnigeria.com"" rel=""nofollow"">erecnigeria</a>",Nigeria,2527,525,0,0,en
 
Thu Jul 27 15:39:15 +0000 2017,b'Energy Sales Representative (ESR) at Ikeja Electricity Distribution Company (IKEDC) - https://t.co/XxCcLDXImk',Erecnigeria,"<a href=""http://erecnigeria.com"" rel=""nofollow"">erecnigeria</a>",Nigeria,2527,525,0,0,en
 
Thu Jul 27 15:39:16 +0000 2017,b'Ikeja Electricity Distribution Company Graduate Recruitment - https://t.co/mgvSVGSuE0',Erecnigeria,"<a href=""http://erecnigeria.com"" rel=""nofollow"">erecnigeria</a>",Nigeria,2527,525,0,0,en
 
Thu Jul 27 15:39:16 +0000 2017,b'@shane_bauer @clairlemon the printing press the radio electricity steam engine antibiotics telephone vaccination PC Internet',Whosenhymer,"<a href=""http://twitter.com"" rel=""nofollow"">Twitter Web Client</a>",,1,28,0,0,en
 
Thu Jul 27 15:39:17 +0000 2017,"b""@sarbanandsonwal  sir hv forgotten ur promise? ur govt doesn't provides sufficient electricity service to us.plz take some necessary step.""",rialover69,"<a href=""http://twitter.com/download/android"" rel=""nofollow"">Twitter for Android</a>",Barpeta Road,13,69,0,0,en
 
Thu Jul 27 15:39:28 +0000 2017,b'@life_ontherocks @KelemenCari @DOB1234 That is mind boggling to me. Educators I work with have to decide what is mo https://t.co/g03IDlD6ri',extra_cat,"<a href=""http://twitter.com/download/iphone"" rel=""nofollow"">Twitter for iPhone</a>",Mississippi,88,131,0,0,en
 
Thu Jul 27 15:39:39 +0000 2017,b'RT @Saudi_EF:  #_    #   \nElectricity usage in cooling in KSA and Brita ',emadessaa,"<a href=""http://twitter.com/download/iphone"" rel=""nofollow"">Twitter for iPhone</a>",,456,1476,0,0,en
 
Thu Jul 27 15:39:42 +0000 2017,b'My electricity went off + I was just about to heat up my wasabi ',asapsinterlude,"<a href=""http://twitter.com/download/iphone"" rel=""nofollow"">Twitter for iPhone</a>",216,1705,105,0,0,en
 
Thu Jul 27 15:39:46 +0000 2017,b'RT @sindednis: Factories making candles use electricity https://t.co/TcysEiEbzF',omoissy,"<a href=""http://twitter.com"" rel=""nofollow"">Twitter Web Client</a>",searching...,25008,5598,0,0,en
 
Thu Jul 27 15:39:52 +0000 2017,"b""RT @droid254: But I still can't download Rihanna https://t.co/HNj5ZjztIx""",Kollow_,"<a href=""http://twitter.com/download/iphone"" rel=""nofollow"">Twitter for iPhone</a>",Somewhere in the  world,2260,1533,0,0,en
 
Thu Jul 27 15:39:53 +0000 2017,"b""It's better to buy electricity from eskom than ethekwini municipality.""",iam_Masiya,"<a href=""http://twitter.com/download/android"" rel=""nofollow"">Twitter for Android</a>","Botha's Hill, kwazulu-Natal",591,529,0,0,en
 
Thu Jul 27 15:39:56 +0000 2017,"b'    ,       ,\n       \nUttar Pradesh Electricity  Board'",bainktesh,"<a href=""http://twitter.com/download/android"" rel=""nofollow"">Twitter for Android</a>",हिंदुस्तान ,372,437,0,0,en
 
Thu Jul 27 15:39:58 +0000 2017,b'RT @Mirai_Kazuki_: ElectricityElectricity\n140 ',shinaaya26,"<a href=""http://twitter.com/download/iphone"" rel=""nofollow"">Twitter for iPhone</a>",,278,262,0,0,ja
 
Thu Jul 27 15:39:59 +0000 2017,"b'RT @DaaruBaazMehta: In Last 3 years, Electricity Rates have increased \n\nChattisgarh : 31.4%\nMP : 27.7%\nBihar : 22.9%\nJharkhand : 20.2%\n\nWhe'",ikunalbarjatya,"<a href=""http://twitter.com/download/android"" rel=""nofollow"">Twitter for Android</a>",Global Citizen India,236,540,0,0,en
 
Thu Jul 27 15:40:02 +0000 2017,"b'RT @bainktesh:     ,       ,\n       \nUttar Pradesh Electricity  Board'",bainktesh,"<a href=""http://twitter.com/download/android"" rel=""nofollow"">Twitter for Android</a>",हिंदुस्तान ,372,437,0,0,en
 
Thu Jul 27 15:40:02 +0000 2017,"b'@RailMinIndia While traveling I have seen in many train th lights are  on during th day time , though there is enou https://t.co/Fh4hPmM5W2'",sidhant_jal,"<a href=""http://twitter.com/download/android"" rel=""nofollow"">Twitter for Android</a>","Bhubaneshwar, India",10,146,0,0,en
 
Thu Jul 27 15:40:05 +0000 2017,b'RT @RIRepublicans: @GoLocalProv @RIDemParty @RhodeIslandGOP @BillEcc @burrillville_pp @nationalgridus hits PUC for 53% rate hike! Noth ',BobLancia,"<a href=""http://twitter.com/download/iphone"" rel=""nofollow"">Twitter for iPhone</a>",,291,353,0,0,en
 
Thu Jul 27 15:40:07 +0000 2017,b'RT @clairlemon: the printing press\nthe radio\nelectricity\nsteam engine\nantibiotics\ntelephone\nvaccination\nPC\nInternet\nhttps://t.co/RKJ1CrQkwP',annehcody,"<a href=""http://twitter.com"" rel=""nofollow"">Twitter Web Client</a>",,79,145,0,0,en
 
Thu Jul 27 15:40:17 +0000 2017,b'RT @Mirai_Kazuki_: ElectricityElectricity\n140 ',dosuko_tw,"<a href=""http://twitter.com/download/iphone"" rel=""nofollow"">Twitter for iPhone</a>",,43,155,0,0,ja
 
Thu Jul 27 15:40:18 +0000 2017,b'RT @FiveThirtyEight: Its obvious Americans should have access to electricity. Advocates argue the same could be said of fast internet. ',tacolimCass,"<a href=""http://twitter.com"" rel=""nofollow"">Twitter Web Client</a>","Charlotte, NC",399,753,0,0,en
 
Thu Jul 27 15:40:20 +0000 2017,b'Electricity Board  CEB request to Switch Off non essential Electrical equipments &amp; reduce Consumption as HP Water https://t.co/yxD9FXl1pT',SriLankaTweet,"<a href=""http://twitter.com"" rel=""nofollow"">Twitter Web Client</a>",Sri Lanka,37577,12580,0,0,en
 
Thu Jul 27 15:40:32 +0000 2017,b'RT @clairlemon: the printing press\nthe radio\nelectricity\nsteam engine\nantibiotics\ntelephone\nvaccination\nPC\nInternet\nhttps://t.co/RKJ1CrQkwP',Free_Market_Man,"<a href=""http://twitter.com/download/iphone"" rel=""nofollow"">Twitter for iPhone</a>",,128,226,0,0,en
 
Thu Jul 27 15:40:41 +0000 2017,"b""#trashlive there's no electricity and I want to watch #VarsityFootball """,infamous_khaymo,"<a href=""http://twitter.com/download/android"" rel=""nofollow"">Twitter for Android</a>","Bloemfontein, South Africa",240,223,0,0,en
 
Thu Jul 27 15:40:44 +0000 2017,b'#OMD101 https://t.co/Jk1yegyQaF',LGSrock101,"<a href=""http://twitter.com/#!/download/ipad"" rel=""nofollow"">Twitter for iPad</a>",,10918,2079,0,0,en
 
Thu Jul 27 15:40:47 +0000 2017,b'RT @clairlemon: the printing press\nthe radio\nelectricity\nsteam engine\nantibiotics\ntelephone\nvaccination\nPC\nInternet\nhttps://t.co/RKJ1CrQkwP',Patwate,"<a href=""http://twitter.com/download/iphone"" rel=""nofollow"">Twitter for iPhone</a>","Riverview, FL",576,442,0,0,en
 
Thu Jul 27 15:40:50 +0000 2017,b'RT @clairlemon: the printing press\nthe radio\nelectricity\nsteam engine\nantibiotics\ntelephone\nvaccination\nPC\nInternet\nhttps://t.co/RKJ1CrQkwP',DagnyDelinquent,"<a href=""http://twitter.com/download/iphone"" rel=""nofollow"">Twitter for iPhone</a>",,4167,4108,0,0,en
 
Thu Jul 27 15:40:51 +0000 2017,"b'Head, Internal Audit at an Electricity Distribution Company  DCSL Corporate Services Limited - \nClick link to view https://t.co/oMqA3LPtA3'",naijaVideonet,"<a href=""http://www.naijavideonet.com"" rel=""nofollow"">NVN XYZ SMAP</a>",,305,635,0,0,en
 
Thu Jul 27 15:40:52 +0000 2017,b'RT @clairlemon: the printing press\nthe radio\nelectricity\nsteam engine\nantibiotics\ntelephone\nvaccination\nPC\nInternet\nhttps://t.co/RKJ1CrQkwP',SkePatt,"<a href=""http://twitter.com"" rel=""nofollow"">Twitter Web Client</a>",,2597,2502,0,0,en
 
Thu Jul 27 15:40:57 +0000 2017,b'@Robotbeat what about the idea that in some regions the electricity used to power EVs causes as much damage as using fossil fuels?',TainoCruz2,"<a href=""http://twitter.com/download/iphone"" rel=""nofollow"">Twitter for iPhone</a>",,0,19,0,0,en
 
Thu Jul 27 15:41:11 +0000 2017,"b'@ChurchillAlemao Thnx 4 xs billing issue of Electricity&amp;Water, add further actually its post change of d fast running meter v all r in pain'",RavindraaMRao,"<a href=""http://twitter.com"" rel=""nofollow"">Twitter Web Client</a>",,249,600,0,0,en
 
Thu Jul 27 15:41:11 +0000 2017,"b'RT @DaaruBaazMehta: In Last 3 years, Electricity Rates have increased \n\nChattisgarh : 31.4%\nMP : 27.7%\nBihar : 22.9%\nJharkhand : 20.2%\n\nWhe'",SandeepSinghRS,"<a href=""http://twitter.com"" rel=""nofollow"">Twitter Web Client</a>",,102,139,0,0,en
 
Thu Jul 27 15:41:21 +0000 2017,b'Love n electricity r the same\nIf u not feel the jolt in ur soul everytime a kiss is shared then u r not really in love at all',nikirose12,"<a href=""http://twitter.com/download/android"" rel=""nofollow"">Twitter for Android</a>",,487,418,0,0,el
 
Thu Jul 27 15:41:22 +0000 2017,b'ChristiChat: RT SebGorka: Conservative (reality-based) thought versus the Leftists (zero-sum) victim mentality. https://t.co/ZzRLj0oWdm',GoldStarMomTX55,"<a href=""https://ifttt.com"" rel=""nofollow"">IFTTT</a>",Ft Worth TX,24874,11228,0,0,en
 
Thu Jul 27 15:41:23 +0000 2017,b'ChristiChat: RT clairlemon: the printing press\nthe radio\nelectricity\nsteam engine\nantibiotics\ntelephone\nvaccinatio https://t.co/Lhg8ocvAfM',GoldStarMomTX55,"<a href=""https://ifttt.com"" rel=""nofollow"">IFTTT</a>",Ft Worth TX,24874,11228,0,0,en
 
Thu Jul 27 15:41:25 +0000 2017,b'New post on my blog: Increasing Water Stress Due To Climate Change Threatens European Electricity Production https://t.co/IseeDRVPoh',NewsKarc,"<a href=""https://ifttt.com"" rel=""nofollow"">IFTTT</a>","Silverdale, WA",27,1,0,0,en
 
Thu Jul 27 15:41:26 +0000 2017,"b""@CherylLauCarpe For God's sake,do not talk of electricity.So disgusting is its condition in India that we have litt https://t.co/JsPKSGWWiq""",ohmprakash_,"<a href=""https://mobile.twitter.com"" rel=""nofollow"">Mobile Web (M2)</a>","Baghmara , Dhanbad ",61,95,0,0,en
 
Thu Jul 27 15:41:34 +0000 2017,b'RT @nikirose12: Love n electricity r the same\nIf u not feel the jolt in ur soul everytime a kiss is shared then u r not really in love at a',barryjohnharper,"<a href=""http://twitter.com/download/android"" rel=""nofollow"">Twitter for Android</a>",UK,4603,4788,0,0,en
 
Thu Jul 27 15:41:36 +0000 2017,b'Forgotten Religions That Worshipped Electricity https://t.co/98WBTnpm3N',animesh1977,"<a href=""https://ifttt.com"" rel=""nofollow"">IFTTT</a>","Bergen, Norway",1625,1027,0,0,en
 
Thu Jul 27 15:41:44 +0000 2017,b'RT @clairlemon: the printing press\nthe radio\nelectricity\nsteam engine\nantibiotics\ntelephone\nvaccination\nPC\nInternet\nhttps://t.co/RKJ1CrQkwP',NadineV44,"<a href=""http://twitter.com/download/android"" rel=""nofollow"">Twitter for Android</a>","Las Vegas, Nevada",905,1141,0,0,en
 
Thu Jul 27 15:41:44 +0000 2017,b'RT @clairlemon: the printing press\nthe radio\nelectricity\nsteam engine\nantibiotics\ntelephone\nvaccination\nPC\nInternet\nhttps://t.co/RKJ1CrQkwP',57R4705,"<a href=""http://twitter.com/download/android"" rel=""nofollow"">Twitter for Android</a>","Asuncion, Paraguay",343,369,0,0,es
 
Thu Jul 27 15:41:48 +0000 2017,b'RT @arealliveghost: as the saying goes: fucking everything up so badly that we need to feed people electricity is the mother of inventi ',detachd,"<a href=""http://twitter.com/download/android"" rel=""nofollow"">Twitter for Android</a>",The Blue Room,63,1063,0,0,en
 
Thu Jul 27 15:41:52 +0000 2017,b'RT @SebGorka: Conservative (reality-based) thought versus the Leftists (zero-sum) victim mentality. https://t.co/9qzITAOn0Z',Maggie_the_Chug,"<a href=""http://twitter.com/download/android"" rel=""nofollow"">Twitter for Android</a>",,478,508,0,0,en
 
Thu Jul 27 15:41:55 +0000 2017,b'Electricity wont do much damage.',ken_robot,"<a href=""http://twittbot.net/"" rel=""nofollow"">twittbot.net</a>",,6,0,0,0,en
 
Thu Jul 27 15:42:01 +0000 2017,b'@owenzak I should honestly charge you more for electricity for being so psychotic',HeyItsSidneyy,"<a href=""http://twitter.com/download/iphone"" rel=""nofollow"">Twitter for iPhone</a>",,366,244,0,0,en
 
Thu Jul 27 15:42:08 +0000 2017,"b'@Reuters @SpeakerRyan WASTE NOT, WANT NOT!! THATS TIMD &amp; ELECTRICITY!'",fjminmt345,"<a href=""http://twitter.com/download/android"" rel=""nofollow"">Twitter for Android</a>",,12,145,0,0,en
 
Thu Jul 27 15:42:11 +0000 2017,b'A Team of Scientists Just Made Food From Electricity  and it Could be the Solution to World Hunger https://t.co/ZJLTmN8zw7',IIAD_Global,"<a href=""http://www.scoop.it"" rel=""nofollow"">Scoop.it</a>",,31,124,0,0,en
 
Thu Jul 27 15:42:12 +0000 2017,b'A Team of Scientists Just Made Food From Electricity  and it Could be the Solution to World Hunger https://t.co/0hTrnCcoLF',DrWeyers,"<a href=""http://www.scoop.it"" rel=""nofollow"">Scoop.it</a>","London, England",95,255,0,0,en
 
Thu Jul 27 15:42:18 +0000 2017,b'RT @santafeez: Gaza power watch: How many hours of electricity did Gaza get yesterday https://t.co/fS4Z6yRFzi',CharliePoet,"<a href=""http://twitter.com/download/android"" rel=""nofollow"">Twitter for Android</a>",,3002,2300,0,0,en
 
Thu Jul 27 15:42:20 +0000 2017,b'RT @SebGorka: Conservative (reality-based) thought versus the Leftists (zero-sum) victim mentality. https://t.co/9qzITAOn0Z',IMSTILLHOLDNONA,"<a href=""http://twitter.com/download/android"" rel=""nofollow"">Twitter for Android</a>",,409,140,0,0,en
 
Thu Jul 27 15:42:40 +0000 2017,b'RT @clairlemon: the printing press\nthe radio\nelectricity\nsteam engine\nantibiotics\ntelephone\nvaccination\nPC\nInternet\nhttps://t.co/RKJ1CrQkwP',diegovi83256349,"<a href=""http://twitter.com"" rel=""nofollow"">Twitter Web Client</a>",,15,49,0,0,en
 
Thu Jul 27 15:42:43 +0000 2017,"b'RT @DaaruBaazMehta: In Last 3 years, Electricity Rates have increased \n\nChattisgarh : 31.4%\nMP : 27.7%\nBihar : 22.9%\nJharkhand : 20.2%\n\nWhe'",ManeeIndia,"<a href=""http://twitter.com/download/android"" rel=""nofollow"">Twitter for Android</a>",,13,122,0,0,en
 
Thu Jul 27 15:42:45 +0000 2017,b'Switching To Solar From Coal Would ... #Electricity #SolarEnergy https://t.co/PWwSXqfZR2 https://t.co/FV8eX7SHoj',Energy_Nature_,"<a href=""http://www.energyofnature.org"" rel=""nofollow"">EnergyOfNature</a>",,943,622,0,0,en
 
Thu Jul 27 15:42:46 +0000 2017,b'RT @clairlemon: the printing press\nthe radio\nelectricity\nsteam engine\nantibiotics\ntelephone\nvaccination\nPC\nInternet\nhttps://t.co/RKJ1CrQkwP',lunaticfarmer,"<a href=""http://twitter.com/download/android"" rel=""nofollow"">Twitter for Android</a>","Virginia, USA",37,145,0,0,en
 
Thu Jul 27 15:42:47 +0000 2017,b'RT @DjInchy: Louie the lightning bulb say play it safe around electricity  https://t.co/gefVjvE0sB',dib_bee,"<a href=""http://twitter.com/download/android"" rel=""nofollow"">Twitter for Android</a>",Wherever † ,796,239,0,0,en
 
Thu Jul 27 15:42:47 +0000 2017,b'RT @clairlemon: the printing press\nthe radio\nelectricity\nsteam engine\nantibiotics\ntelephone\nvaccination\nPC\nInternet\nhttps://t.co/RKJ1CrQkwP',sabzsgizo,"<a href=""http://twitter.com/download/iphone"" rel=""nofollow"">Twitter for iPhone</a>",South Africa,211,324,0,0,en
 
Thu Jul 27 15:42:48 +0000 2017,"b'Electricity,carbon dioxide,water and microbes go in - food comes out. #Finland #worldhunger #Food  https://t.co/GzZUlku3mc'",ari_laitinen,"<a href=""http://twitter.com/download/android"" rel=""nofollow"">Twitter for Android</a>","Helsinki, Suomi",1109,4192,0,0,fi
 
Thu Jul 27 15:42:49 +0000 2017,b'#AAPGovernance Thanks to @AamAadmiParty @msisodia @ArvindKejriwal https://t.co/9DYOwTtSCa',GutznGlory,"<a href=""http://twitter.com/download/android"" rel=""nofollow"">Twitter for Android</a>","Mumbai, India",125,207,0,0,en
 
Thu Jul 27 15:42:54 +0000 2017,b'RT @clairlemon: the printing press\nthe radio\nelectricity\nsteam engine\nantibiotics\ntelephone\nvaccination\nPC\nInternet\nhttps://t.co/RKJ1CrQkwP',TheGreatWork3,"<a href=""http://twitter.com"" rel=""nofollow"">Twitter Web Client</a>",Greece,550,135,0,0,en
 
Thu Jul 27 15:42:58 +0000 2017,b'RT @SebGorka: Conservative (reality-based) thought versus the Leftists (zero-sum) victim mentality. https://t.co/9qzITAOn0Z',SusanChanc,"<a href=""http://twitter.com/#!/download/ipad"" rel=""nofollow"">Twitter for iPad</a>","Texas, USA",128,105,0,0,en
 
Thu Jul 27 15:43:03 +0000 2017,"b'@ArvindKejriwal @PMOIndia @LtGovDelhi , Govt need to take action on electricity thieves #justiceforAbhimanyu'",SurendraBSES,"<a href=""http://twitter.com/download/android"" rel=""nofollow"">Twitter for Android</a>",New Delhi,35,172,0,0,en
 
Thu Jul 27 15:43:10 +0000 2017,b'RT @clairlemon: the printing press\nthe radio\nelectricity\nsteam engine\nantibiotics\ntelephone\nvaccination\nPC\nInternet\nhttps://t.co/RKJ1CrQkwP',AM004,"<a href=""https://mobile.twitter.com"" rel=""nofollow"">Twitter Lite</a>","Pune, Maharashtra",133,158,0,0,en
 
Thu Jul 27 15:43:12 +0000 2017,b'RT @anivar: In addition Ration shops have a fixed monthly allowance for shop rent and electricity if they serve a certain no of card holders',derick_thomas,"<a href=""https://about.twitter.com/products/tweetdeck"" rel=""nofollow"">TweetDeck</a>",Treasure Island,295,237,0,0,en
 
Thu Jul 27 15:43:12 +0000 2017,b'90 years for growing a few shrubs. Jokers. This country is on its arse https://t.co/cCpRYE7erS',ProcPNE,"<a href=""http://twitter.com/download/android"" rel=""nofollow"">Twitter for Android</a>",Once Green & Pleasant Land,557,370,0,0,en
 
Thu Jul 27 15:43:12 +0000 2017,b'Scotland Blows World Away With Wind Power Equal to 118% of Nations Electricity Needs https://t.co/l409m1M8rR',HayfordMarket,"<a href=""http://www.facebook.com/twitter"" rel=""nofollow"">Facebook</a>","Reynoldsburg,Ohio",1238,2387,0,0,en
 
Thu Jul 27 15:43:23 +0000 2017,b'@PatchfaceTF Physics is alien to me. all I know is that electricity is bad to touch and space is scary',_Chicanery,"<a href=""http://twitter.com/download/android"" rel=""nofollow"">Twitter for Android</a>",,395,813,0,0,en
 
Thu Jul 27 15:43:29 +0000 2017,b'Electricity Human Resources Canada Announces New Workforce Study for Albertas Electricity Sector #HR Found at https://t.co/NcErD9z3lZ',NewsInHR,"<a href=""https://ifttt.com"" rel=""nofollow"">IFTTT</a>",,1301,0,0,0,en
 
Thu Jul 27 15:43:29 +0000 2017,b'RT @SebGorka: Conservative (reality-based) thought versus the Leftists (zero-sum) victim mentality. https://t.co/9qzITAOn0Z',Nitninnycody,"<a href=""https://mobile.twitter.com"" rel=""nofollow"">Twitter Lite</a>",Michigan,736,1794,0,0,en
 
Thu Jul 27 15:43:33 +0000 2017,"b'RT @DaaruBaazMehta: In Last 3 years, Electricity Rates have increased \n\nChattisgarh : 31.4%\nMP : 27.7%\nBihar : 22.9%\nJharkhand : 20.2%\n\nWhe'",Sanket81062160,"<a href=""http://twitter.com/download/android"" rel=""nofollow"">Twitter for Android</a>","Moga, India",66,127,0,0,en
 
Thu Jul 27 15:43:34 +0000 2017,b'RT @gdgoz: Interesting article with a great headline.\nSunshine and wind power needed.\n#electricity\n#auspol \n\nhttps://t.co/Wk6RBb8Xlw via @s',_puckitt,"<a href=""http://twitter.com/download/android"" rel=""nofollow"">Twitter for Android</a>",ACT,595,676,0,0,en
 
Thu Jul 27 15:43:40 +0000 2017,b'@DavidCShipley Do they steal electricity bc business is unprofitable w full cost? Or bc usage is a giveaway to law enforcement?',thephenocryst,"<a href=""http://twitter.com/download/iphone"" rel=""nofollow"">Twitter for iPhone</a>",,93,48,0,0,en-gb
 
